Date,Name,Year,Letterboxd URI
2022-11-30,Black Rain,1989,https://boxd.it/5DMs
2022-11-30,The Eel,1997,https://boxd.it/1Dna
2022-11-30,Pigs and Battleships,1961,https://boxd.it/1jQG
2022-11-30,The Insect Woman,1963,https://boxd.it/VAE
2022-11-30,The Ballad of Narayama,1983,https://boxd.it/XI6
2022-11-30,Vengeance Is Mine,1979,https://boxd.it/XyU
2022-11-30,Profound Desires of the Gods,1968,https://boxd.it/D20
2022-11-30,Intentions of Murder,1964,https://boxd.it/FJU
2022-11-30,Warm Water Under a Red Bridge,2001,https://boxd.it/R8w
2022-11-30,A Man Vanishes,1967,https://boxd.it/322S
2022-11-30,The Pornographers,1966,https://boxd.it/Wco
2022-11-30,Stolen Desire,1958,https://boxd.it/NQu
2022-11-30,Why Not?,1981,https://boxd.it/XDg
2022-11-30,Endless Desire,1958,https://boxd.it/18wq
2022-11-30,Dr. Akagi,1998,https://boxd.it/2d4e
2022-11-30,Zegen,1987,https://boxd.it/5Yz0
2022-11-30,"Karayuki-San, the Making of a Prostitute",1973,https://boxd.it/54Yo
2022-11-30,History of Postwar Japan as Told by a Bar Hostess,1970,https://boxd.it/3ITE
2022-11-30,Nishi Ginza Station,1958,https://boxd.it/NQk
2022-11-30,The Pirates of Buban,1972,https://boxd.it/54Z2
2022-11-30,Following the Unreturned Soldiers: Malaysia,1970,https://boxd.it/552g
2022-11-30,Outlaw-Matsu Comes Home,1973,https://boxd.it/54YI
2022-11-30,My Second Brother,1959,https://boxd.it/FKe
2022-11-30,Following the Unreturned Soldier: Thailand,1971,https://boxd.it/551W
2022-11-30,Oreno Shimokita,1972,https://boxd.it/BACo
2022-11-30,"11 Minutes, 9 Seconds, 1 Image",2002,https://boxd.it/27Q2
2022-11-30,Death by Hanging,1968,https://boxd.it/3nPm
2022-11-30,Boy,1969,https://boxd.it/3xKQ
2022-11-30,"Merry Christmas, Mr. Lawrence",1983,https://boxd.it/1SHu
2022-11-30,The Ceremony,1971,https://boxd.it/3hWQ
2022-11-30,Diary of a Shinjuku Thief,1969,https://boxd.it/3ywg
2022-11-30,In the Realm of the Senses,1976,https://boxd.it/22qS
2022-11-30,Empire of Passion,1978,https://boxd.it/GSS
2022-11-30,Red Angel,1966,https://boxd.it/3bla
2022-11-30,Blind Beast,1969,https://boxd.it/1rQ0
2022-11-30,Kisses,1957,https://boxd.it/3oEO
2022-11-30,Giants and Toys,1958,https://boxd.it/2EvQ
2022-11-30,Crazed Fruit,1956,https://boxd.it/35g4
2022-11-30,Season of the Sun,1956,https://boxd.it/8YUy
2022-11-30,La Dolce Vita,1960,https://boxd.it/2anC
2022-11-30,Rashomon,1950,https://boxd.it/2a9K
2022-11-30,Seven Samurai,1954,https://boxd.it/2axi
2022-11-30,Ikiru,1952,https://boxd.it/251c
2022-11-30,Ran,1985,https://boxd.it/1Tlu
2022-11-30,Yojimbo,1961,https://boxd.it/1SRY
2022-11-30,Kagemusha,1980,https://boxd.it/1SGG
2022-11-30,Ugetsu,1953,https://boxd.it/1NyM
2022-11-30,Sansho the Bailiff,1954,https://boxd.it/1Dkq
2022-11-30,The Life of Oharu,1952,https://boxd.it/UFy
2022-11-30,The Story of the Last Chrysanthemum,1939,https://boxd.it/O1i
2022-11-30,The 47 Ronin,1941,https://boxd.it/Ofu
2022-11-30,Tokyo Story,1953,https://boxd.it/1HuY
2022-11-30,Good Morning,1959,https://boxd.it/2lkk
2022-11-30,Late Spring,1949,https://boxd.it/1DkK
2022-11-30,An Autumn Afternoon,1962,https://boxd.it/CUU
2022-11-30,Tokyo Twilight,1957,https://boxd.it/sq6
2022-11-30,Early Summer,1951,https://boxd.it/E4G
2022-11-30,Late Autumn,1960,https://boxd.it/1Bf4
2022-11-30,Equinox Flower,1958,https://boxd.it/2lkY
2022-11-30,Early Spring,1956,https://boxd.it/1DkA
2022-11-30,The Flavor of Green Tea Over Rice,1952,https://boxd.it/spi
2022-11-30,"I Was Born, But...",1932,https://boxd.it/1pS4
2022-11-30,Brothers and Sisters of the Toda Family,1941,https://boxd.it/3ie6
2022-11-30,Floating Clouds,1955,https://boxd.it/2FLU
2022-11-30,When a Woman Ascends the Stairs,1960,https://boxd.it/19Ck
2022-11-30,The Banshees of Inisherin,2022,https://boxd.it/p7XS
2022-11-30,Amsterdam,2022,https://boxd.it/oJ58
2022-11-30,Black Panther: Wakanda Forever,2022,https://boxd.it/igPu
2022-11-30,See How They Run,2022,https://boxd.it/sNVq
2022-11-30,Floating Weeds,1959,https://boxd.it/LZu
2022-11-30,Midsummer's Equation,2013,https://boxd.it/68Wo
2022-11-30,Midsommar,2019,https://boxd.it/jhxe
2022-11-30,Grasshopper,2015,https://boxd.it/a4SA
2022-11-30,Museum,2016,https://boxd.it/dJcm
2022-11-30,Laplace's Witch,2018,https://boxd.it/hDHw
2022-11-30,The Brain Man,2013,https://boxd.it/67V0
2022-11-30,Prophecy,2015,https://boxd.it/bERq
2022-11-30,Memoirs of a Murderer,2017,https://boxd.it/g32A
2022-11-30,The Crimes That Bind,2018,https://boxd.it/hd9e
2022-11-30,The Top Secret: Murder in Mind,2016,https://boxd.it/d35e
2022-11-30,Battle Royale,2000,https://boxd.it/25zS
2022-11-30,Wood Job!,2014,https://boxd.it/8lvO
2022-11-30,The Forest of Love,2019,https://boxd.it/nqbk
2022-11-30,The Forest of Love: Deep Cut,2020,https://boxd.it/qbMc
2022-11-30,Tokyo Vampire Hotel,2017,https://boxd.it/h2Ae
2022-11-30,Noriko's Dinner Table,2005,https://boxd.it/XTe
2022-11-30,Suicide Club,2001,https://boxd.it/1RkY
2022-11-30,Dogwood Tree,2010,https://boxd.it/fCo
2022-11-30,Our Meal for Tomorrow,2017,https://boxd.it/fLba
2022-11-30,My Brother Loves Me Too Much,2017,https://boxd.it/gEZE
2022-11-30,Hirugao,2017,https://boxd.it/gpVi
2022-11-30,Our Little Sister,2015,https://boxd.it/abBm
2022-11-30,Ring,1998,https://boxd.it/26tw
2022-11-30,United Red Army,2007,https://boxd.it/NX6
2022-11-30,The Room,2003,https://boxd.it/1ICY
2022-11-30,Beyaz Melek,2007,https://boxd.it/1qBy
2022-11-30,You've Got Murder,2019,https://boxd.it/nkji
2022-11-30,Mortal World,2018,https://boxd.it/i1G8
2022-11-30,Recep İvedik,2008,https://boxd.it/1jX8
2022-11-30,Recep Ivedik 2,2009,https://boxd.it/1jWY
2022-11-30,Recep Ivedik 3,2010,https://boxd.it/1gnQ
2022-11-30,Recep Ivedik 4,2014,https://boxd.it/7Baq
2022-11-30,Recep Ivedik 5,2017,https://boxd.it/fAoM
2022-11-30,Recep Ivedik 6,2019,https://boxd.it/nahm
2022-11-30,Miracle in Cell No. 7,2019,https://boxd.it/nFrM
2022-11-30,The Miracle,2015,https://boxd.it/aphq
2022-11-30,Miracles Of Love,2019,https://boxd.it/lIWu
2022-11-30,Money Trap,2019,https://boxd.it/lfkw
2022-11-30,Muslum,2018,https://boxd.it/jcPW
2022-11-30,I Saw the Sun,2009,https://boxd.it/1qzC
2022-12-01,1917,2019,https://boxd.it/jj4y
2022-12-01,Apocalypto,2006,https://boxd.it/28yy
2022-12-01,Big Trouble in Little China,1986,https://boxd.it/21em
2022-12-01,Black Widow,2021,https://boxd.it/hWV8
2022-12-01,Bloodshot,2020,https://boxd.it/bfG8
2022-12-01,Brightburn,2019,https://boxd.it/jk58
2022-12-01,Color Out of Space,2019,https://boxd.it/k1HY
2022-12-01,Doctor Strange,2016,https://boxd.it/8MH8
2022-12-01,Dorian Gray,2009,https://boxd.it/1zaw
2022-12-01,Drive Angry,2011,https://boxd.it/KZy
2022-12-01,Escape from L.A.,1996,https://boxd.it/1XbI
2022-12-01,Escape from Pretoria,2020,https://boxd.it/i92q
2022-12-01,Fantastic Four,2005,https://boxd.it/1XVw
2022-12-01,The Fantastic Four,1994,https://boxd.it/1B70
2022-12-01,Godzilla,1954,https://boxd.it/28kc
2022-12-01,Guns Akimbo,2019,https://boxd.it/gkFu
2022-12-01,Hitman: Agent 47,2015,https://boxd.it/7iA0
2022-12-01,Kung Pow: Enter the Fist,2002,https://boxd.it/1SQm
2022-12-01,Nacho Libre,2006,https://boxd.it/1YTG
2022-12-01,The Benchwarmers,2006,https://boxd.it/1Xr2
2022-12-01,Napoleon Dynamite,2004,https://boxd.it/20wu
2022-12-01,Inception,2010,https://boxd.it/1skk
2022-12-01,House of Flying Daggers,2004,https://boxd.it/1YoI
2022-12-01,Dr. No,1962,https://boxd.it/29UU
2022-12-01,From Russia with Love,1963,https://boxd.it/29T8
2022-12-01,Goldfinger,1964,https://boxd.it/29SY
2022-12-01,Thunderball,1965,https://boxd.it/29SE
2022-12-01,You Only Live Twice,1967,https://boxd.it/29Rw
2022-12-01,The Man with the Golden Gun,1974,https://boxd.it/29P6
2022-12-01,Live and Let Die,1973,https://boxd.it/2aLk
2022-12-01,Diamonds Are Forever,1971,https://boxd.it/29Pg
2022-12-01,On Her Majesty's Secret Service,1969,https://boxd.it/29Rm
2022-12-01,Casino Royale,1967,https://boxd.it/1ShQ
2022-12-01,The Spy Who Loved Me,1977,https://boxd.it/29NY
2022-12-01,Moonraker,1979,https://boxd.it/29MQ
2022-12-01,For Your Eyes Only,1981,https://boxd.it/29MG
2022-12-01,Never Say Never Again,1983,https://boxd.it/1a5w
2022-12-01,Tomorrow Never Dies,1997,https://boxd.it/29Kg
2022-12-01,GoldenEye,1995,https://boxd.it/29KU
2022-12-01,Licence to Kill,1989,https://boxd.it/29L4
2022-12-01,The Living Daylights,1987,https://boxd.it/29Le
2022-12-01,A View to a Kill,1985,https://boxd.it/29Lo
2022-12-01,The World Is Not Enough,1999,https://boxd.it/1a94
2022-12-01,Die Another Day,2002,https://boxd.it/1a5G
2022-12-01,Casino Royale,2006,https://boxd.it/1alk
2022-12-01,Quantum of Solace,2008,https://boxd.it/1Vs8
2022-12-01,Skyfall,2012,https://boxd.it/17Fc
2022-12-01,No Time to Die,2021,https://boxd.it/cPX2
2022-12-01,Spectre,2015,https://boxd.it/6bXY
2022-12-01,Octopussy,1983,https://boxd.it/29Mw
2022-12-01,Justice League,2017,https://boxd.it/4w68
2022-12-01,Zack Snyder's Justice League,2021,https://boxd.it/tLOk
2022-12-01,Memoirs of an Invisible Man,1992,https://boxd.it/26sS
2022-12-01,Monster Hunter,2020,https://boxd.it/gnB6
2022-12-01,Moon,2009,https://boxd.it/1IGQ
2022-12-01,Morbius,2022,https://boxd.it/j978
2022-12-01,Mortal Kombat,2021,https://boxd.it/gswA
2022-12-01,The Last Samurai,2003,https://boxd.it/29ZA
2022-12-01,Minamata,2020,https://boxd.it/kvrm
2022-12-01,My Wife Is a Gangster,2001,https://boxd.it/1BvQ
2022-12-01,No Country for Old Men,2007,https://boxd.it/21ew
2022-12-01,Nobody,2021,https://boxd.it/mLqS
2022-12-01,Now You See Me,2013,https://boxd.it/2Bsu
2022-12-01,Oldboy,2003,https://boxd.it/29R2
2022-12-01,ParaNorman,2012,https://boxd.it/2FuY
2022-12-01,Predator 2,1990,https://boxd.it/2aY4
2022-12-01,Puss in Boots,2011,https://boxd.it/eL34
2022-12-01,Rise of the Warrior Apes,2017,https://boxd.it/ggdw
2022-12-01,Rush Hour 3,2007,https://boxd.it/23gk
2022-12-01,Sicario,2015,https://boxd.it/8i7u
2022-12-01,Spider-Man,2002,https://boxd.it/2a8i
2022-12-01,Spider-Man 2,2004,https://boxd.it/2a88
2022-12-01,Spider-Man 3,2007,https://boxd.it/2a7Y
2022-12-01,Spider-Man: Homecoming,2017,https://boxd.it/aboM
2022-12-01,The Amazing Spider-Man,2012,https://boxd.it/27PI
2022-12-01,Spider-Man: No Way Home,2021,https://boxd.it/nwRw
2022-12-01,Spider-Man: Far From Home,2019,https://boxd.it/fegG
2022-12-01,Spider-Man: Into the Spider-Verse,2018,https://boxd.it/azpY
2022-12-01,Venom: Let There Be Carnage,2021,https://boxd.it/llco
2022-12-01,Venom,2018,https://boxd.it/b8wA
2022-12-01,The Amazing Spider-Man 2,2014,https://boxd.it/3utM
2022-12-01,The Dark Knight,2008,https://boxd.it/2b0k
2022-12-01,The Batman,2022,https://boxd.it/eDGs
2022-12-01,Batman & Robin,1997,https://boxd.it/2ar0
2022-12-01,Batman Forever,1995,https://boxd.it/2ara
2022-12-01,Batman Begins,2005,https://boxd.it/2aIg
2022-12-01,The Dark Knight Rises,2012,https://boxd.it/H3m
2022-12-01,The Lego Batman Movie,2017,https://boxd.it/azp0
2022-12-01,Batman,1989,https://boxd.it/2aIU
2022-12-01,Superman Returns,2006,https://boxd.it/28J2
2022-12-01,Superman II,1980,https://boxd.it/204q
2022-12-01,Superman,1978,https://boxd.it/27Qm
2022-12-01,Superman III,1983,https://boxd.it/1YrM
2022-12-01,Superman IV: The Quest for Peace,1987,https://boxd.it/1TUk
2022-12-01,Man of Steel,2013,https://boxd.it/FRk
2022-12-01,X-Men,2000,https://boxd.it/1a7s
2022-12-01,X2,2003,https://boxd.it/1a7i
2022-12-01,X-Men: The Last Stand,2006,https://boxd.it/1a5Q
2022-12-01,X-Men Origins: Wolverine,2009,https://boxd.it/27ug
2022-12-01,X-Men: First Class,2011,https://boxd.it/FOA
2022-12-01,Logan,2017,https://boxd.it/7Piy
2022-12-01,X-Men: Apocalypse,2016,https://boxd.it/7eJi
2022-12-01,Deadpool,2016,https://boxd.it/9fOC
2022-12-01,X-Men: Days of Future Past,2014,https://boxd.it/4aRw
2022-12-01,The Wolverine,2013,https://boxd.it/2CWU
2022-12-01,Deadpool 2,2018,https://boxd.it/dlLM
2022-12-01,Dark Phoenix,2019,https://boxd.it/anyO
2022-12-01,The Do-Over,2016,https://boxd.it/dA2C
2022-12-01,The Equalizer,2014,https://boxd.it/4TUK
2022-12-01,The Equalizer 2,2018,https://boxd.it/bAEW
2022-12-01,The League of Extraordinary Gentlemen,2003,https://boxd.it/1ZVy
2022-12-01,The Northman,2022,https://boxd.it/nK2s
2022-12-01,The Railway Man,2013,https://boxd.it/4aUK
2022-12-01,The Suicide Squad,2021,https://boxd.it/fw6O
2022-12-01,The Tourist,2010,https://boxd.it/17Hs
2022-12-01,Captain America: The First Avenger,2011,https://boxd.it/28b0
2022-12-01,Captain Marvel,2019,https://boxd.it/9vSA
2022-12-01,Iron Man,2008,https://boxd.it/28dA
2022-12-01,The Incredible Hulk,2008,https://boxd.it/28dU
2022-12-01,Iron Man 2,2010,https://boxd.it/1WZM
2022-12-01,Thor,2011,https://boxd.it/1WQU
2022-12-01,The Avengers,2012,https://boxd.it/1xFW
2022-12-01,Iron Man 3,2013,https://boxd.it/2cBQ
2022-12-01,Thor: The Dark World,2013,https://boxd.it/2DqA
2022-12-01,Captain America: The Winter Soldier,2014,https://boxd.it/3r58
2022-12-01,Captain America: Civil War,2016,https://boxd.it/89Ja
2022-12-01,Ant-Man,2015,https://boxd.it/3vmW
2022-12-01,Avengers: Age of Ultron,2015,https://boxd.it/3qi6
2022-12-01,Guardians of the Galaxy Vol. 2,2017,https://boxd.it/8MxC
2022-12-01,Guardians of the Galaxy,2014,https://boxd.it/3VH2
2022-12-01,Thor: Ragnarok,2017,https://boxd.it/8MHi
2022-12-01,Black Panther,2018,https://boxd.it/8MHs
2022-12-01,Shang-Chi and the Legend of the Ten Rings,2021,https://boxd.it/kLDI
2022-12-01,Avengers: Endgame,2019,https://boxd.it/9vE4
2022-12-01,Avengers: Infinity War,2018,https://boxd.it/9vEe
2022-12-01,Ant-Man and the Wasp,2018,https://boxd.it/cqUW
2022-12-01,Eternals,2021,https://boxd.it/j36o
2022-12-01,Doctor Strange in the Multiverse of Madness,2022,https://boxd.it/gaTc
2022-12-01,Thor: Love and Thunder,2022,https://boxd.it/mMAY
2022-12-01,Train to Busan,2016,https://boxd.it/dSQU
2022-12-01,Transformers: Dark of the Moon,2011,https://boxd.it/16aC
2022-12-01,Transformers,2007,https://boxd.it/280c
2022-12-01,Transformers: Age of Extinction,2014,https://boxd.it/3d1m
2022-12-01,Transformers: The Last Knight,2017,https://boxd.it/b8xo
2022-12-01,Transformers: Revenge of the Fallen,2009,https://boxd.it/20gG
2022-12-01,Bumblebee,2018,https://boxd.it/f21O
2022-12-01,Unbroken,2014,https://boxd.it/6IaA
2022-12-01,Uncharted,2022,https://boxd.it/b5Dy
2022-12-01,Vivarium,2019,https://boxd.it/gmVE
2022-12-01,Wonder Woman,2017,https://boxd.it/9roG
2022-12-01,Batman v Superman: Dawn of Justice,2016,https://boxd.it/6fBW
2022-12-01,Shazam!,2019,https://boxd.it/8WBu
2022-12-01,Joker,2019,https://boxd.it/h4cS
2022-12-01,Watchmen,2009,https://boxd.it/1QE4
2022-12-01,Aquaman,2018,https://boxd.it/9ru0
2022-12-01,Wonder Woman 1984,2020,https://boxd.it/gBtA
2022-12-01,Suicide Squad,2016,https://boxd.it/9row
2022-12-01,Green Lantern,2011,https://boxd.it/QN4
2022-12-01,Action Point,2018,https://boxd.it/gcyg
2022-12-01,Behind the Mask: The Rise of Leslie Vernon,2006,https://boxd.it/1UYi
2022-12-01,The Disaster Artist,2017,https://boxd.it/cTqc
2022-12-01,Best F(r)iends: Volume 1,2017,https://boxd.it/eSS4
2022-12-01,Best F(r)iends: Volume 2,2018,https://boxd.it/hXju
2022-12-01,Samurai Cop 2: Deadly Vengeance,2015,https://boxd.it/8NIw
2022-12-01,Samurai Cop,1991,https://boxd.it/3Na
2022-12-01,Division III: Football's Finest,2011,https://boxd.it/2TUG
2022-12-01,Goal!,2005,https://boxd.it/1XRY
2022-12-01,Goal II: Living the Dream,2007,https://boxd.it/1XKe
2022-12-01,Goal III: Taking on the World,2009,https://boxd.it/1FCw
2022-12-01,Dodgeball,2001,https://boxd.it/yuR2
2022-12-01,Dracula: Dead and Loving It,1995,https://boxd.it/1Swm
2022-12-01,Escape from New York,1981,https://boxd.it/294k
2022-12-01,Fateful Findings,2013,https://boxd.it/5X3C
2022-12-01,Jennifer's Body,2009,https://boxd.it/1Efw
2022-12-01,Jojo Rabbit,2019,https://boxd.it/iEBG
2022-12-01,Knives Out,2019,https://boxd.it/jWEA
2022-12-01,Mean Girls,2004,https://boxd.it/1VNg
2022-12-01,Monsters University,2013,https://boxd.it/bQm
2022-12-01,Monty Python and the Holy Grail,1975,https://boxd.it/29GI
2022-12-01,Monty Python's The Meaning of Life,1983,https://boxd.it/249E
2022-12-01,Life of Brian,1979,https://boxd.it/2a4q
2022-12-01,Pokémon Detective Pikachu,2019,https://boxd.it/fVA0
2022-12-01,Popstar: Never Stop Never Stopping,2016,https://boxd.it/blDa
2022-12-01,American Psycho,2000,https://boxd.it/28Vs
2022-12-01,Psych: The Movie,2017,https://boxd.it/glVo
2022-12-01,RocketMan,1997,https://boxd.it/19Ns
2022-12-01,Scott Pilgrim vs. the World,2010,https://boxd.it/1Aq6
2022-12-01,Superhero Movie,2008,https://boxd.it/1SM0
2022-12-01,The Dead Don't Die,2019,https://boxd.it/juZg
2022-12-01,The Gentlemen,2019,https://boxd.it/iYBQ
2022-12-01,The Death of Stalin,2017,https://boxd.it/ea9Y
2022-12-01,The Parent Trap,1998,https://boxd.it/1XJq
2022-12-01,The Pink Panther 2,2009,https://boxd.it/1MHy
2022-12-01,The Pink Panther,2006,https://boxd.it/1Sys
2022-12-01,The VelociPastor,2017,https://boxd.it/glzW
2022-12-01,Top Secret!,1984,https://boxd.it/1ZSE
2022-12-01,Shaolin Soccer,2001,https://boxd.it/1T86
2022-12-01,Kung Fu Hustle,2004,https://boxd.it/1YBi
2022-12-01,Twisted Pair,2018,https://boxd.it/hRwW
2022-12-01,What We Do in the Shadows,2014,https://boxd.it/7eQy
2022-12-01,You Don't Mess with the Zohan,2008,https://boxd.it/1VHs
2022-12-01,Airplane!,1980,https://boxd.it/29yu
2022-12-01,Aladdin,1992,https://boxd.it/29yE
2022-12-01,The Emperor's New Groove,2000,https://boxd.it/1Tey
2022-12-01,Tangled,2010,https://boxd.it/15gO
2022-12-01,Hercules,1997,https://boxd.it/1SDW
2022-12-01,Robin Hood,1973,https://boxd.it/1SRa
2022-12-01,Lilo & Stitch,2002,https://boxd.it/1TAY
2022-12-01,Zootopia,2016,https://boxd.it/84xS
2022-12-01,Wreck-It Ralph,2012,https://boxd.it/2TTS
2022-12-01,The Lion King,1994,https://boxd.it/201Q
2022-12-01,Moana,2016,https://boxd.it/8tfY
2022-12-01,The Little Mermaid,1989,https://boxd.it/1WYO
2022-12-01,Beauty and the Beast,1991,https://boxd.it/1XhG
2022-12-01,Tarzan,1999,https://boxd.it/18YO
2022-12-01,Dumbo,1941,https://boxd.it/1U2o
2022-12-01,Lady and the Tramp,1955,https://boxd.it/1Wv8
2022-12-01,Atlantis: The Lost Empire,2001,https://boxd.it/1Vck
2022-12-01,Big Hero 6,2014,https://boxd.it/5rje
2022-12-01,Encanto,2021,https://boxd.it/kPRu
2022-12-01,Alice in Wonderland,1951,https://boxd.it/1Sz6
2022-12-01,Mulan,1998,https://boxd.it/1VFw
2022-12-01,Frozen,2013,https://boxd.it/3GNa
2022-12-01,Aladdin and the King of Thieves,1996,https://boxd.it/1Ui2
2022-12-01,Sleeping Beauty,1959,https://boxd.it/1V9A
2022-12-01,Pocahontas,1995,https://boxd.it/1W2g
2022-12-01,The Hunchback of Notre Dame,1996,https://boxd.it/1VZQ
2022-12-01,Treasure Planet,2002,https://boxd.it/1Znm
2022-12-01,Brother Bear,2003,https://boxd.it/1Xjs
2022-12-01,Bolt,2008,https://boxd.it/1QXg
2022-12-01,Ralph Breaks the Internet,2018,https://boxd.it/edAy
2022-12-01,The Princess and the Frog,2009,https://boxd.it/1WQq
2022-12-01,Frozen II,2019,https://boxd.it/aPvo
2022-12-01,Mulan II,2004,https://boxd.it/1ScG
2022-12-01,Winnie the Pooh,2011,https://boxd.it/C0C
2022-12-01,Meet the Robinsons,2007,https://boxd.it/28Ym
2022-12-01,The Return of Jafar,1994,https://boxd.it/1L6G
2022-12-01,Kronk's New Groove,2005,https://boxd.it/1Qd8
2022-12-01,Pocahontas II: Journey to a New World,1998,https://boxd.it/1Ptu
2022-12-01,Atlantis: Milo's Return,2003,https://boxd.it/1Zus
2022-12-01,The Prince of Egypt,1998,https://boxd.it/1XGQ
2022-12-01,The Nightmare Before Christmas,1993,https://boxd.it/1YzQ
2022-12-01,Peter Pan,1953,https://boxd.it/1VCC
2022-12-01,The Jungle Book,1967,https://boxd.it/1YY2
2022-12-01,Cinderella,1950,https://boxd.it/1Uki
2022-12-01,The Fox and the Hound,1981,https://boxd.it/1V0o
2022-12-01,The Aristocats,1970,https://boxd.it/1X3Y
2022-12-01,Return to Never Land,2002,https://boxd.it/1JMA
2022-12-01,One Hundred and One Dalmatians,1961,https://boxd.it/1SeC
2022-12-01,Snow White and the Seven Dwarfs,1937,https://boxd.it/2arO
2022-12-01,Pinocchio,1940,https://boxd.it/1V8C
2022-12-01,The Fox and the Hound 2,2006,https://boxd.it/1Xsu
2022-12-01,The Jungle Book 2,2003,https://boxd.it/1NcQ
2022-12-01,Bambi,1942,https://boxd.it/25AQ
2022-12-01,The Lion King II: Simba's Pride,1998,https://boxd.it/1XWu
2022-12-01,Camp Rock,2008,https://boxd.it/1PHw
2022-12-01,The Cheetah Girls,2003,https://boxd.it/1hkS
2022-12-01,Twitches,2005,https://boxd.it/1BPw
2022-12-01,High School Musical,2006,https://boxd.it/1V0y
2022-12-01,Wendy Wu: Homecoming Warrior,2006,https://boxd.it/d32
2022-12-01,The Cheetah Girls 2,2006,https://boxd.it/17Ws
2022-12-01,Read It and Weep,2006,https://boxd.it/240M
2022-12-01,Camp Rock 2: The Final Jam,2010,https://boxd.it/Sru
2022-12-01,The Suite Life Movie,2011,https://boxd.it/f92
2022-12-01,Wizards of Waverly Place: The Movie,2009,https://boxd.it/1thQ
2022-12-01,Princess Protection Program,2009,https://boxd.it/1F5s
2022-12-01,Lemonade Mouth,2011,https://boxd.it/4bG
2022-12-01,Sky High,2005,https://boxd.it/1TNI
2022-12-01,High School Musical 2,2007,https://boxd.it/1PIu
2022-12-01,Hannah Montana: The Movie,2009,https://boxd.it/1Hx4
2022-12-01,Halloweentown High,2004,https://boxd.it/1dG6
2022-12-01,Phineas and Ferb The Movie: Across the 2nd Dimension,2011,https://boxd.it/2ql8
2022-12-01,Minutemen,2008,https://boxd.it/1AG4
2022-12-01,High School Musical 3: Senior Year,2008,https://boxd.it/1SR0
2022-12-01,The Chronicles of Narnia: The Voyage of the Dawn Treader,2010,https://boxd.it/1WZs
2022-12-01,"The Chronicles of Narnia: The Lion, the Witch and the Wardrobe",2005,https://boxd.it/2ark
2022-12-01,The Chronicles of Narnia: Prince Caspian,2008,https://boxd.it/26Hy
2022-12-01,Harry Potter and the Half-Blood Prince,2009,https://boxd.it/29FU
2022-12-01,Harry Potter and the Prisoner of Azkaban,2004,https://boxd.it/29Qy
2022-12-01,Harry Potter and the Deathly Hallows: Part 1,2010,https://boxd.it/1RYu
2022-12-01,Harry Potter and the Order of the Phoenix,2007,https://boxd.it/29Qe
2022-12-01,Harry Potter and the Deathly Hallows: Part 2,2011,https://boxd.it/1RYk
2022-12-01,Fantastic Beasts: The Crimes of Grindelwald,2018,https://boxd.it/bg8G
2022-12-01,Fantastic Beasts and Where to Find Them,2016,https://boxd.it/7FPC
2022-12-01,Fantastic Beasts: The Secrets of Dumbledore,2022,https://boxd.it/bg8Q
2022-12-01,Harry Potter and the Chamber of Secrets,2002,https://boxd.it/29QI
2022-12-01,Harry Potter and the Goblet of Fire,2005,https://boxd.it/29Qo
2022-12-01,Harry Potter and the Philosopher's Stone,2001,https://boxd.it/29QS
2022-12-01,The Lord of the Rings: The Fellowship of the Ring,2001,https://boxd.it/2b5O
2022-12-01,The Lord of the Rings: The Two Towers,2002,https://boxd.it/2b5E
2022-12-01,The Lord of the Rings: The Return of the King,2003,https://boxd.it/2b5u
2022-12-01,The Hobbit: An Unexpected Journey,2012,https://boxd.it/GZk
2022-12-01,The Hobbit: The Desolation of Smaug,2013,https://boxd.it/nmS
2022-12-01,The Hobbit: The Battle of the Five Armies,2014,https://boxd.it/43aU
2022-12-01,Raiders of the Lost Ark,1981,https://boxd.it/2bbs
2022-12-01,Indiana Jones and the Last Crusade,1989,https://boxd.it/2baO
2022-12-01,Indiana Jones and the Temple of Doom,1984,https://boxd.it/2bb8
2022-12-01,Indiana Jones and the Kingdom of the Crystal Skull,2008,https://boxd.it/2aR8
2022-12-01,The Empire Strikes Back,1980,https://boxd.it/27Vw
2022-12-01,Star Wars,1977,https://boxd.it/72s
2022-12-01,Star Wars: The Last Jedi,2017,https://boxd.it/5xme
2022-12-01,Return of the Jedi,1983,https://boxd.it/27Vm
2022-12-01,Star Wars: The Force Awakens,2015,https://boxd.it/4vru
2022-12-01,Solo: A Star Wars Story,2018,https://boxd.it/bGWs
2022-12-01,Star Wars: Episode III – Revenge of the Sith,2005,https://boxd.it/27US
2022-12-01,Rogue One: A Star Wars Story,2016,https://boxd.it/aPvy
2022-12-01,Star Wars: Episode II – Attack of the Clones,2002,https://boxd.it/27V2
2022-12-01,Star Wars: Episode I – The Phantom Menace,1999,https://boxd.it/27Vc
2022-12-01,Pirates of the Caribbean: The Curse of the Black Pearl,2003,https://boxd.it/70G
2022-12-01,Pirates of the Caribbean: Dead Man's Chest,2006,https://boxd.it/2bfk
2022-12-01,Pirates of the Caribbean: At World's End,2007,https://boxd.it/2aGu
2022-12-01,Pirates of the Caribbean: On Stranger Tides,2011,https://boxd.it/27Z4
2022-12-01,Pirates of the Caribbean: Dead Men Tell No Tales,2017,https://boxd.it/5a9m
2022-12-01,How to Train Your Dragon,2010,https://boxd.it/1WRy
2022-12-01,The Shining,1980,https://boxd.it/29Nu
2022-12-01,Avatar,2009,https://boxd.it/1Efm
2022-12-01,Bullet Train,2022,https://boxd.it/qW26
2022-12-01,Night at the Museum,2006,https://boxd.it/28wi
2022-12-01,Django Unchained,2012,https://boxd.it/2cCk
2022-12-01,The Father,2020,https://boxd.it/m8Ie
2022-12-01,Dune,2021,https://boxd.it/fA7G
2022-12-01,Antlers,2021,https://boxd.it/iI50
2022-12-01,Charlie and the Chocolate Factory,2005,https://boxd.it/2b68
2022-12-01,Saw,2004,https://boxd.it/2aWW
2022-12-01,Saw II,2005,https://boxd.it/2aRs
2022-12-01,Saw III,2006,https://boxd.it/2aRC
2022-12-01,Saw IV,2007,https://boxd.it/29Sa
2022-12-01,Spiral: From the Book of Saw,2021,https://boxd.it/meXk
2022-12-01,Jigsaw,2017,https://boxd.it/9sDs
2022-12-01,Saw 3D,2010,https://boxd.it/Znk
2022-12-01,Saw VI,2009,https://boxd.it/1A2y
2022-12-01,Saw V,2008,https://boxd.it/1SMa
2022-12-01,Hachi: A Dog's Tale,2009,https://boxd.it/1q4a
2022-12-01,Hachiko,1987,https://boxd.it/1iqs
2022-12-01,Final Destination,2000,https://boxd.it/1YrC
2022-12-01,Final Destination 2,2003,https://boxd.it/1YSS
2022-12-01,Final Destination 3,2006,https://boxd.it/1Z40
2022-12-01,The Final Destination,2009,https://boxd.it/1EmW
2022-12-01,Final Destination 5,2011,https://boxd.it/r1k
2022-12-01,From Hell,2001,https://boxd.it/29FK
2022-12-01,My Best Friend's Wedding,1997,https://boxd.it/1ZHm
2022-12-01,Psych 2: Lassie Come Home,2020,https://boxd.it/lpbY
2022-12-01,Redline,2009,https://boxd.it/2pQ0
2022-12-01,The Phantom of the Opera,2004,https://boxd.it/1XHu
2022-12-01,Toy Story 3,2010,https://boxd.it/1WRe
2022-12-01,The Incredibles,2004,https://boxd.it/1XLm
2022-12-01,Toy Story,1995,https://boxd.it/29qA
2022-12-01,Coco,2017,https://boxd.it/bYJQ
2022-12-01,Up,2009,https://boxd.it/1OEc
2022-12-01,Finding Dory,2016,https://boxd.it/4aAA
2022-12-01,Ratatouille,2007,https://boxd.it/27ww
2022-12-01,Toy Story 4,2019,https://boxd.it/9ALu
2022-12-01,Incredibles 2,2018,https://boxd.it/7IPg
2022-12-01,Inside Out,2015,https://boxd.it/4KHC
2022-12-01,Finding Nemo,2003,https://boxd.it/72i
2022-12-01,WALL·E,2008,https://boxd.it/1VEo
2022-12-01,"Monsters, Inc.",2001,https://boxd.it/2a46
2022-12-01,Toy Story 2,1999,https://boxd.it/29qq
2022-12-01,Cars,2006,https://boxd.it/29ho
2022-12-01,Cars 3,2017,https://boxd.it/7IPq
2022-12-01,A Bug's Life,1998,https://boxd.it/1Yyy
2022-12-01,The Good Dinosaur,2015,https://boxd.it/3AD4
2022-12-01,Cars 2,2011,https://boxd.it/H4Y
2022-12-01,Brave,2012,https://boxd.it/bVG
2022-12-01,Beautiful,2008,https://boxd.it/1vcy
2022-12-01,Lethal Ninja,1992,https://boxd.it/gKe
2022-12-01,Avenging Trio,1989,https://boxd.it/66YM
2022-12-01,Double Target,1987,https://boxd.it/3AGC
2022-12-01,TC 2000,1993,https://boxd.it/pLq
2022-12-01,The Crows,2006,https://boxd.it/21SG
2022-12-01,97 Aces Go Places,1997,https://boxd.it/3sLO
2022-12-01,Torment,2008,https://boxd.it/1ls2
2022-12-01,Annihilation,2018,https://boxd.it/9yzm
2022-12-01,Awake,2007,https://boxd.it/1Q54
2022-12-01,Braindead,1992,https://boxd.it/29Gy
2022-12-01,Cabin Fever,2002,https://boxd.it/1TAu
2022-12-01,Case 39,2009,https://boxd.it/1pMq
2022-12-01,Christine,1983,https://boxd.it/1ZRQ
2022-12-01,Crawl,2019,https://boxd.it/iwYi
2022-12-01,Cube,1997,https://boxd.it/2aoU
2022-12-01,Dark Shadows,2012,https://boxd.it/bQ2
2022-12-01,Doctor Sleep,2019,https://boxd.it/i5vI
2022-12-01,Dog Soldiers,2002,https://boxd.it/1SRE
2022-12-01,Donnie Darko,2001,https://boxd.it/2b2A
2022-12-01,Drag Me to Hell,2009,https://boxd.it/1Jzw
2022-12-01,Event Horizon,1997,https://boxd.it/20d8
2022-12-01,Fallen,1998,https://boxd.it/2wsE
2022-12-01,Get Out,2017,https://boxd.it/eOCm
2022-12-01,Ghosts of Mars,2001,https://boxd.it/1Xik
2022-12-01,In the Mouth of Madness,1994,https://boxd.it/26vi
2022-12-01,Prince of Darkness,1987,https://boxd.it/1ZKq
2022-12-01,They Live,1988,https://boxd.it/20lm
2022-12-01,Gonjiam: Haunted Asylum,2018,https://boxd.it/ioyw
2022-12-01,Grave Encounters,2011,https://boxd.it/D1G
2022-12-01,Grave Encounters 2,2012,https://boxd.it/4lpS
2022-12-01,The Silence of the Lambs,1991,https://boxd.it/2aHW
2022-12-01,Manhunter,1986,https://boxd.it/1TOw
2022-12-01,Red Dragon,2002,https://boxd.it/1Yrs
2022-12-01,Hannibal,2001,https://boxd.it/1XVc
2022-12-01,Hannibal Rising,2007,https://boxd.it/2916
2022-12-01,Haunt,2019,https://boxd.it/iK78
2022-12-01,Hereditary,2018,https://boxd.it/hNVe
2022-12-01,Hostel,2005,https://boxd.it/28ig
2022-12-01,Hostel: Part III,2011,https://boxd.it/2qoc
2022-12-01,House of Wax,2005,https://boxd.it/1XaU
2022-12-01,In the Tall Grass,2019,https://boxd.it/iZpm
2022-12-01,It,2017,https://boxd.it/bC8e
2022-12-01,It Chapter Two,2019,https://boxd.it/h10u
2022-12-01,Jurassic Shark,2012,https://boxd.it/3ZZk
2022-12-01,Lemony Snicket's A Series of Unfortunate Events,2004,https://boxd.it/1T7s
2022-12-01,Life,2017,https://boxd.it/dRqG
2022-12-01,Mandy,2018,https://boxd.it/gtti
2022-12-01,Maniac,2012,https://boxd.it/3wzs
2022-12-01,May,2002,https://boxd.it/1V8M
2022-12-01,Mirrors,2008,https://boxd.it/1Q0y
2022-12-01,Mirrors 2,2010,https://boxd.it/Nao
2022-12-01,District 9,2009,https://boxd.it/1Iik
2022-12-01,Zygote,2017,https://boxd.it/gBO4
2022-12-01,Firebase,2017,https://boxd.it/gAQy
2022-12-01,Rakka,2017,https://boxd.it/gvZK
2022-12-01,Orphan,2009,https://boxd.it/1CgM
2022-12-01,Pandorum,2009,https://boxd.it/1Eo4
2022-12-01,Poltergeist,1982,https://boxd.it/2a0o
2022-12-01,Poltergeist II: The Other Side,1986,https://boxd.it/1Uyu
2022-12-01,Poltergeist III,1988,https://boxd.it/1WAi
2022-12-01,Possum,2018,https://boxd.it/gW5u
2022-12-01,Pulse,2001,https://boxd.it/1s3y
2022-12-01,Requiem for a Dream,2000,https://boxd.it/29VI
2022-12-01,Trainspotting,1996,https://boxd.it/29XY
2022-12-01,Resident Evil: Afterlife,2010,https://boxd.it/1bVo
2022-12-01,Resident Evil: Extinction,2007,https://boxd.it/20Oy
2022-12-01,Resident Evil: The Final Chapter,2016,https://boxd.it/5lqS
2022-12-01,Resident Evil: Retribution,2012,https://boxd.it/2qmK
2022-12-01,Resident Evil,2002,https://boxd.it/28z2
2022-12-01,Resident Evil: Degeneration,2008,https://boxd.it/1PIE
2022-12-01,Resident Evil: Welcome to Raccoon City,2021,https://boxd.it/gsvM
2022-12-01,Resident Evil: Vendetta,2017,https://boxd.it/e1K2
2022-12-01,Resident Evil: Damnation,2012,https://boxd.it/4jHg
2022-12-01,Resident Evil: Apocalypse,2004,https://boxd.it/28yS
2022-12-01,Scream,1996,https://boxd.it/24EC
2022-12-01,Scream,2022,https://boxd.it/o0lg
2022-12-01,Se7en,1995,https://boxd.it/29zs
2022-12-01,Silent Hill: Revelation 3D,2012,https://boxd.it/eH8
2022-12-01,Prey,2022,https://boxd.it/sNBU
2022-12-01,Splice,2009,https://boxd.it/17HW
2022-12-01,Suspiria,1977,https://boxd.it/1SNW
2022-12-01,The Autopsy of Jane Doe,2016,https://boxd.it/dUu2
2022-12-01,The Babadook,2014,https://boxd.it/77xu
2022-12-01,The Bone Collector,1999,https://boxd.it/1Yzw
2022-12-01,The Curse of La Llorona,2019,https://boxd.it/hg0E
2022-12-01,Wallace & Gromit: The Curse of the Were-Rabbit,2005,https://boxd.it/2ac0
2022-12-01,The Death of Dick Long,2019,https://boxd.it/kIoA
2022-12-01,The Faculty,1998,https://boxd.it/1Z5C
2022-12-01,The Invisible Man,2020,https://boxd.it/kWlA
2022-12-01,The Platform,2019,https://boxd.it/mUm6
2022-12-01,The Skeleton Key,2005,https://boxd.it/1XxE
2022-12-01,The Tunnel,2011,https://boxd.it/NGk
2022-12-01,The Ward,2010,https://boxd.it/P14
2022-12-01,The Witch,2015,https://boxd.it/9X0m
2022-12-01,The Woman in Black,2012,https://boxd.it/4wu
2022-12-01,The Vigil,2019,https://boxd.it/n0wc
2022-12-01,Troll Hunter,2010,https://boxd.it/NQY
2022-12-01,Underwater,2020,https://boxd.it/fN4q
2022-12-01,V/H/S/94,2021,https://boxd.it/shhy
2022-12-01,Visions,2015,https://boxd.it/bVCi
2022-12-01,Wolf Creek,2005,https://boxd.it/1XC0
2022-12-01,Deathwatch,2002,https://boxd.it/1RFs
2022-12-01,Poultrygeist: Night of the Chicken Dead,2006,https://boxd.it/1ISi
2022-12-01,Arrival,2016,https://boxd.it/aNGk
2022-12-01,Emperor,2012,https://boxd.it/4azW
2022-12-01,Memoirs of a Geisha,2005,https://boxd.it/27TA
2022-12-01,Tigers Are Not Afraid,2017,https://boxd.it/bIww
2022-12-01,Titanic,1997,https://boxd.it/2a2k
2022-12-01,A Prayer Before Dawn,2017,https://boxd.it/fZ9i
2022-12-01,Arctic,2018,https://boxd.it/gc1Q
2022-12-01,Green Book,2018,https://boxd.it/hErk
2022-12-01,The Truman Show,1998,https://boxd.it/18U8
2022-12-01,Liar Liar,1997,https://boxd.it/28sg
2022-12-01,Bruce Almighty,2003,https://boxd.it/2aCC
2022-12-01,Ace Ventura: Pet Detective,1994,https://boxd.it/25RW
2022-12-01,A Christmas Carol,2009,https://boxd.it/1HKW
2022-12-01,The Cable Guy,1996,https://boxd.it/1XAI
2022-12-01,Yes Man,2008,https://boxd.it/1WPW
2022-12-01,Ace Ventura: When Nature Calls,1995,https://boxd.it/1Z66
2022-12-01,Horton Hears a Who!,2008,https://boxd.it/1SfA
2022-12-01,Anchorman 2: The Legend Continues,2013,https://boxd.it/3GNk
2022-12-01,Mr. Popper's Penguins,2011,https://boxd.it/kRS
2022-12-01,Dumb and Dumber To,2014,https://boxd.it/3qPk
2022-12-01,The Incredible Burt Wonderstone,2013,https://boxd.it/45ZA
2022-12-01,How the Grinch Stole Christmas,2000,https://boxd.it/1ZHQ
2022-12-01,Dumb and Dumber,1994,https://boxd.it/206m
2022-12-01,The Mask,1994,https://boxd.it/29rS
2022-12-01,Elf,2003,https://boxd.it/1VyK
2022-12-01,Megamind,2010,https://boxd.it/16Sk
2022-12-01,Zoolander,2001,https://boxd.it/1YMA
2022-12-01,Step Brothers,2008,https://boxd.it/1SsE
2022-12-01,Austin Powers: International Man of Mystery,1997,https://boxd.it/29y0
2022-12-01,Eurovision Song Contest: The Story of Fire Saga,2020,https://boxd.it/jkMG
2022-12-01,Talladega Nights: The Ballad of Ricky Bobby,2006,https://boxd.it/1XYq
2022-12-01,The Internship,2013,https://boxd.it/3SWS
2022-12-01,Daddy's Home,2015,https://boxd.it/8jSc
2022-12-01,Blades of Glory,2007,https://boxd.it/1Xrm
2022-12-01,The Campaign,2012,https://boxd.it/2Hz2
2022-12-01,Land of the Lost,2009,https://boxd.it/1Htc
2022-12-01,Kicking & Screaming,2005,https://boxd.it/1XnE
2022-12-01,Anchorman: The Legend of Ron Burgundy,2004,https://boxd.it/1ZVo
2022-12-01,Tropic Thunder,2008,https://boxd.it/20WM
2022-12-01,Madagascar,2005,https://boxd.it/29dc
2022-12-01,Madagascar: Escape 2 Africa,2008,https://boxd.it/1W2K
2022-12-01,Night at the Museum: Battle of the Smithsonian,2009,https://boxd.it/1H7U
2022-12-01,Madagascar 3: Europe's Most Wanted,2012,https://boxd.it/2NF6
2022-12-01,Meet the Fockers,2004,https://boxd.it/29NE
2022-12-01,Inglourious Basterds,2009,https://boxd.it/1JzG
2022-12-01,Shrek,2001,https://boxd.it/29zi
2022-12-01,Shrek 2,2004,https://boxd.it/29z8
2022-12-01,Shrek the Third,2007,https://boxd.it/29yY
2022-12-01,Shrek Forever After,2010,https://boxd.it/1WRo
2022-12-01,Wayne's World,1992,https://boxd.it/1ZHG
2022-12-01,The Cat in the Hat,2003,https://boxd.it/1VSU
2022-12-01,Wayne's World 2,1993,https://boxd.it/1ZHw
2022-12-01,So I Married an Axe Murderer,1993,https://boxd.it/1WfO
2022-12-01,Miss Sloane,2016,https://boxd.it/d4QA
2022-12-01,Morgan,2016,https://boxd.it/d6Yw
2022-12-01,Okja,2017,https://boxd.it/dvXe
2022-12-01,Sleepless,2017,https://boxd.it/ayES
2022-12-01,Spotlight,2015,https://boxd.it/a84k
2022-12-01,Nightcrawler,2014,https://boxd.it/780m
2022-12-01,Zodiac,2007,https://boxd.it/27MO
2022-12-01,Prince of Persia: The Sands of Time,2010,https://boxd.it/1YpQ
2022-12-01,Alice in Wonderland,2010,https://boxd.it/1Spq
2022-12-01,The Princess Diaries,2001,https://boxd.it/1XCO
2022-12-01,Rio,2011,https://boxd.it/NKc
2022-12-01,Get Smart,2008,https://boxd.it/1Tig
2022-12-01,Ella Enchanted,2004,https://boxd.it/1O5G
2022-12-01,Alice Through the Looking Glass,2016,https://boxd.it/75Yo
2022-12-01,Hoodwinked!,2005,https://boxd.it/1UVS
2022-12-01,Rio 2,2014,https://boxd.it/5jfy
2022-12-01,The Social Network,2010,https://boxd.it/17ue
2022-12-01,Zombieland,2009,https://boxd.it/1En6
2022-12-01,Now You See Me 2,2016,https://boxd.it/99fw
2022-12-01,The Endless,2017,https://boxd.it/ffyw
2022-12-01,The Great Dictator,1940,https://boxd.it/29ic
2022-12-01,The Hundred-Foot Journey,2014,https://boxd.it/6JBi
2022-12-01,The Intouchables,2011,https://boxd.it/2FT0
2022-12-01,The Lost City of Z,2016,https://boxd.it/a7jS
2022-12-01,The Ritual,2017,https://boxd.it/fo0I
2022-12-01,Bajrangi Bhaijaan,2015,https://boxd.it/bIbo
2022-12-01,Om Shanti Om,2007,https://boxd.it/20zy
2022-12-01,Kuch Kuch Hota Hai,1998,https://boxd.it/1SVG
2022-12-01,My Name Is Khan,2010,https://boxd.it/1uD4
2022-12-01,Kabhi Khushi Kabhie Gham,2001,https://boxd.it/1Vtg
2022-12-01,Kal Ho Naa Ho,2003,https://boxd.it/24By
2022-12-01,Devdas,2002,https://boxd.it/1Leq
2022-12-01,Veer-Zaara,2004,https://boxd.it/24C2
2022-12-01,Life of Pi,2012,https://boxd.it/37pC
2022-12-01,Slumdog Millionaire,2008,https://boxd.it/1S3E
2022-12-01,Hindi Medium,2017,https://boxd.it/giPi
2022-12-01,Jab We Met,2007,https://boxd.it/1T2W
2022-12-01,Spirited Away,2001,https://boxd.it/2b4m
2022-12-01,Your Name.,2016,https://boxd.it/cUqs
2022-12-01,A Silent Voice: The Movie,2016,https://boxd.it/d99c
2022-12-01,Akira,1988,https://boxd.it/2b1i
2022-12-01,Corpse Bride,2005,https://boxd.it/24WQ
2022-12-01,Kung Fu Panda,2008,https://boxd.it/1Yws
2022-12-01,Minions: The Rise of Gru,2022,https://boxd.it/fz9w
2022-12-01,Rango,2011,https://boxd.it/QPk
2022-12-01,Ice Age,2002,https://boxd.it/2apS
2022-12-01,Fantastic Mr. Fox,2009,https://boxd.it/1WyQ
2022-12-01,The Polar Express,2004,https://boxd.it/23am
2022-12-01,How to Train Your Dragon 2,2014,https://boxd.it/2TRW
2022-12-01,Bee Movie,2007,https://boxd.it/22Vw
2022-12-01,Cloudy with a Chance of Meatballs,2009,https://boxd.it/1A40
2022-12-01,Kung Fu Panda 2,2011,https://boxd.it/G36
2022-12-01,Monster House,2006,https://boxd.it/1Z2e
2022-12-01,Sausage Party,2016,https://boxd.it/6CCe
2022-12-01,Despicable Me 2,2013,https://boxd.it/3gg0
2022-12-01,The SpongeBob SquarePants Movie,2004,https://boxd.it/1SYq
2022-12-01,The Adventures of Tintin,2011,https://boxd.it/1Irc
2022-12-01,Shark Tale,2004,https://boxd.it/1VYe
2022-12-01,Minions,2015,https://boxd.it/6jCO
2022-12-01,Hotel Transylvania,2012,https://boxd.it/2DF6
2022-12-01,Sing,2016,https://boxd.it/b5EQ
2022-12-01,Chicken Little,2005,https://boxd.it/1Xnu
2022-12-01,Robots,2005,https://boxd.it/1Xve
2022-12-01,Ice Age: The Meltdown,2006,https://boxd.it/2wRk
2022-12-01,Happy Feet,2006,https://boxd.it/1XH0
2022-12-01,The Lorax,2012,https://boxd.it/2w9M
2022-12-01,Flushed Away,2006,https://boxd.it/1Tpm
2022-12-01,Over the Hedge,2006,https://boxd.it/20QY
2022-12-01,Kung Fu Panda 3,2016,https://boxd.it/4uRQ
2022-12-01,Alvin and the Chipmunks,2007,https://boxd.it/21E0
2022-12-01,Despicable Me 3,2017,https://boxd.it/azpu
2022-12-01,Monsters vs Aliens,2009,https://boxd.it/1M50
2022-12-01,James and the Giant Peach,1996,https://boxd.it/1W0O
2022-12-01,The Grinch,2018,https://boxd.it/chpK
2022-12-01,Wolf Children,2012,https://boxd.it/3Ipk
2022-12-01,9,2009,https://boxd.it/1Scm
2022-12-01,Ice Age: Continental Drift,2012,https://boxd.it/lQ2
2022-12-01,Hotel Transylvania 2,2015,https://boxd.it/4ZLk
2022-12-01,The Road to El Dorado,2000,https://boxd.it/1W6s
2022-12-01,Antz,1998,https://boxd.it/1ZB4
2022-12-01,Garfield,2004,https://boxd.it/1ZAA
2022-12-01,Star Wars: The Clone Wars,2008,https://boxd.it/1Sly
2022-12-01,The Emoji Movie,2017,https://boxd.it/d9x4
2022-12-01,Scooby-Doo,2002,https://boxd.it/1YaQ
2022-12-01,Scooby-Doo 2: Monsters Unleashed,2004,https://boxd.it/1UPA
2022-12-01,Scooby-Doo! Meets the Boo Brothers,1987,https://boxd.it/1wZw
2022-12-01,Scooby-Doo and the Ghoul School,1988,https://boxd.it/1QmY
2022-12-01,Scooby-Doo! and the Cyber Chase,2001,https://boxd.it/1LTy
2022-12-01,Scooby Goes Hollywood,1979,https://boxd.it/19mQ
2022-12-01,Scooby-Doo! in Where's My Mummy?,2005,https://boxd.it/1Dhm
2022-12-01,Audition,1999,https://boxd.it/1UHm
2022-12-02,Borat Subsequent Moviefilm,2020,https://boxd.it/rNS0
2022-12-02,Apostle,2018,https://boxd.it/f0so
2022-12-02,Kingsman: The Golden Circle,2017,https://boxd.it/buJm
2022-12-02,Dunkirk,2017,https://boxd.it/d0Y6
2022-12-02,The Conjuring 2,2016,https://boxd.it/7GJg
2022-12-02,The Lone Ranger,2013,https://boxd.it/ngU
2022-12-02,Diary of a Wimpy Kid: Dog Days,2012,https://boxd.it/2TG0
2022-12-02,Hugo,2011,https://boxd.it/R08
2022-12-02,Johnny English Reborn,2011,https://boxd.it/kQq
2022-12-02,Insidious,2010,https://boxd.it/H4k
2022-12-02,The King's Speech,2010,https://boxd.it/dX0
2022-12-02,The Twilight Saga: Eclipse,2010,https://boxd.it/1ytW
2022-12-02,Diary of a Wimpy Kid,2010,https://boxd.it/1fUa
2022-12-02,Shutter Island,2010,https://boxd.it/1U82
2022-12-02,Sherlock Holmes,2009,https://boxd.it/1W2A
2022-12-02,The Twilight Saga: New Moon,2009,https://boxd.it/1Hj2
2022-12-02,G-Force,2009,https://boxd.it/1ETc
2022-12-02,Twilight,2008,https://boxd.it/1Zui
2022-12-02,Us,2019,https://boxd.it/gnV6
2022-12-02,The Peanut Butter Falcon,2019,https://boxd.it/gzu2
2022-12-02,How to Train Your Dragon: The Hidden World,2019,https://boxd.it/5a9w
2022-12-02,Trevor Noah: Son of Patricia,2018,https://boxd.it/kqWY
2022-12-02,Trevor Noah: Afraid of the Dark,2017,https://boxd.it/fFvo
2022-12-02,Split,2016,https://boxd.it/dgSy
2022-12-02,The Hunger Games: Mockingjay – Part 2,2015,https://boxd.it/4hk0
2022-12-02,The Hunger Games: Catching Fire,2013,https://boxd.it/3sAw
2022-12-02,The Conjuring,2013,https://boxd.it/4sr2
2022-12-02,Easy A,2010,https://boxd.it/17DK
2022-12-02,Cats & Dogs: The Revenge of Kitty Galore,2010,https://boxd.it/13l8
2022-12-02,Despicable Me,2010,https://boxd.it/1DD8
2022-12-02,Ice Age: Dawn of the Dinosaurs,2009,https://boxd.it/20iC
2022-12-02,Surf's Up,2007,https://boxd.it/1YKY
2022-12-02,Mr. Bean's Holiday,2007,https://boxd.it/28Yc
2022-12-02,Borat: Cultural Learnings of America for Make Benefit Glorious Nation of Kazakhstan,2006,https://boxd.it/2agQ
2022-12-02,Garfield: A Tail of Two Kitties,2006,https://boxd.it/1YuG
2022-12-02,The Grudge,2004,https://boxd.it/27Jq
2022-12-02,The Hitchhiker's Guide to the Galaxy,2005,https://boxd.it/20VE
2022-12-02,Johnny English,2003,https://boxd.it/1YyI
2022-12-02,Bean,1997,https://boxd.it/28WA
2022-12-02,Jumanji,1995,https://boxd.it/1ZLI
2022-12-02,Jurassic Park,1993,https://boxd.it/2aA2
2022-12-02,Back to the Future Part III,1990,https://boxd.it/2aTS
2022-12-02,Back to the Future Part II,1989,https://boxd.it/2aYI
2022-12-02,Ferris Bueller's Day Off,1986,https://boxd.it/1YPY
2022-12-02,Ghostbusters,1984,https://boxd.it/g2w
2022-12-02,Alien,1979,https://boxd.it/2awY
2022-12-02,Mary Poppins,1964,https://boxd.it/2aoA
2022-12-02,Wild Wild West,1999,https://boxd.it/205y
2022-12-02,Daddy Day Care,2003,https://boxd.it/1VAw
2022-12-02,Doctor Dolittle,1998,https://boxd.it/25RM
2022-12-02,The Nutty Professor,1996,https://boxd.it/1YXI
2022-12-02,Dr. Dolittle 2,2001,https://boxd.it/1Vlm
2022-12-02,Norbit,2007,https://boxd.it/1XSM
2022-12-02,Arthur and the Invisibles,2006,https://boxd.it/1Xm2
2022-12-02,The Spiderwick Chronicles,2008,https://boxd.it/20v2
2022-12-02,The Golden Compass,2007,https://boxd.it/272Q
2022-12-02,Arthur and the Revenge of Maltazard,2009,https://boxd.it/1tKI
2022-12-02,Arthur 3: The War of the Two Worlds,2010,https://boxd.it/VFO
2022-12-02,The Human Condition I: No Greater Love,1959,https://boxd.it/1jAy
2022-12-02,Harakiri,1962,https://boxd.it/1NTU
2022-12-02,The Human Condition III: A Soldier's Prayer,1961,https://boxd.it/1dIQ
2022-12-02,The Human Condition II: Road to Eternity,1959,https://boxd.it/1dJa
2022-12-02,Kwaidan,1964,https://boxd.it/1kbY
2022-12-02,Samurai Rebellion,1967,https://boxd.it/2loc
2022-12-02,Troy,2004,https://boxd.it/29TW
2022-12-02,Burn After Reading,2008,https://boxd.it/23BW
2022-12-02,Grown Ups 2,2013,https://boxd.it/3GAq
2022-12-02,Cloudy with a Chance of Meatballs 2,2013,https://boxd.it/3GMw
2022-12-02,Space Chimps,2008,https://boxd.it/1T3q
2022-12-02,The Marine,2006,https://boxd.it/1Zt0
2022-12-02,Sinbad: Legend of the Seven Seas,2003,https://boxd.it/1Oa2
2022-12-02,Cruella,2021,https://boxd.it/bbKg
2022-12-02,Maleficent: Mistress of Evil,2019,https://boxd.it/eSig
2022-12-02,The Handmaiden,2016,https://boxd.it/948A
2022-12-02,Noah,2014,https://boxd.it/34QA
2022-12-02,School of Rock,2003,https://boxd.it/28xK
2022-12-02,Be Kind Rewind,2008,https://boxd.it/23Au
2022-12-02,Gulliver's Travels,2010,https://boxd.it/15iK
2022-12-02,Click,2006,https://boxd.it/1YVM
2022-12-02,Cheaper by the Dozen,2003,https://boxd.it/1USa
2022-12-02,Home,2015,https://boxd.it/6JxA
2022-12-02,The Muppets,2011,https://boxd.it/1zg
2022-12-02,Father of the Bride,1991,https://boxd.it/1SWY
2022-12-02,Cheaper by the Dozen 2,2005,https://boxd.it/1Yac
2022-12-02,¡Three Amigos!,1986,https://boxd.it/20f4
2022-12-02,Marley & Me,2008,https://boxd.it/1Ola
2022-12-02,Shanghai Noon,2000,https://boxd.it/202a
2022-12-02,Marmaduke,2010,https://boxd.it/15GW
2022-12-02,Arthur Christmas,2011,https://boxd.it/Cg6
2022-12-02,A Kid in King Arthur's Court,1995,https://boxd.it/192G
2022-12-02,Angels in the Outfield,1994,https://boxd.it/1wYo
2022-12-02,2012,2009,https://boxd.it/1OE2
2022-12-02,Alpha and Omega,2010,https://boxd.it/1R9w
2022-12-02,Hoodwinked Too! Hood VS. Evil,2011,https://boxd.it/nxc
2022-12-02,Open Season,2006,https://boxd.it/20U2
2022-12-02,Home on the Range,2004,https://boxd.it/1PB4
2022-12-02,Chicken Run,2000,https://boxd.it/20Xg
2022-12-02,The Sandlot,1993,https://boxd.it/1TDy
2022-12-02,The Big Green,1995,https://boxd.it/1tTg
2022-12-02,The Sandlot 2,2005,https://boxd.it/1GQu
2022-12-02,The Sandlot: Heading Home,2007,https://boxd.it/1Coc
2022-12-02,Coming 2 America,2021,https://boxd.it/hrdu
2022-12-02,How to Eat Fried Worms,2006,https://boxd.it/1yhw
2022-12-08,The Menu,2022,https://boxd.it/lScm
2022-12-09,The Man Without a Past,2002,https://boxd.it/212g
2022-12-13,The Big Lebowski,1998,https://boxd.it/2b6C
2022-12-13,Fargo,1996,https://boxd.it/2aHM
2022-12-13,Léon: The Professional,1994,https://boxd.it/2b8S
2022-12-13,"O Brother, Where Art Thou?",2000,https://boxd.it/2b3I
2022-12-15,Hook,1991,https://boxd.it/29nQ
2022-12-15,Good Will Hunting,1997,https://boxd.it/2ahY
2022-12-15,Flubber,1997,https://boxd.it/1YkQ
2022-12-15,Night at the Museum: Secret of the Tomb,2014,https://boxd.it/5x3m
2022-12-15,The Brainiacs.com,2000,https://boxd.it/Qhs
2022-12-15,The Last Airbender,2010,https://boxd.it/1WQK
2022-12-15,The Grand Budapest Hotel,2014,https://boxd.it/3ZqO
2022-12-15,The French Dispatch,2021,https://boxd.it/jLP8
2022-12-15,Moonrise Kingdom,2012,https://boxd.it/2Wng
2022-12-15,The Darjeeling Limited,2007,https://boxd.it/24as
2022-12-15,The Royal Tenenbaums,2001,https://boxd.it/1YHU
2022-12-15,Isle of Dogs,2018,https://boxd.it/dZrW
2022-12-15,The Life Aquatic with Steve Zissou,2004,https://boxd.it/2aqw
2022-12-15,The Little Rascals,1994,https://boxd.it/1V8i
2022-12-15,Spaceballs,1987,https://boxd.it/29cy
2022-12-15,The Adventures of Sharkboy and Lavagirl,2005,https://boxd.it/1Ozm
2022-12-15,Valentine's Day,2010,https://boxd.it/1gui
2022-12-15,The Smurfs,2011,https://boxd.it/Zcm
2022-12-15,The Smurfs 2,2013,https://boxd.it/2HvO
2022-12-15,Spy Kids,2001,https://boxd.it/1Xcw
2022-12-15,Spy Kids 3-D: Game Over,2003,https://boxd.it/1S7w
2022-12-15,Spy Kids 2: The Island of Lost Dreams,2002,https://boxd.it/1Yyo
2022-12-15,Spy Kids: All the Time in the World,2011,https://boxd.it/ptm
2022-12-15,"Honey, I Shrunk the Kids",1989,https://boxd.it/1YTw
2022-12-15,The Flintstones,1994,https://boxd.it/29mo
2022-12-15,Brother Bear 2,2006,https://boxd.it/1Xji
2022-12-15,Blended,2014,https://boxd.it/6QQY
2022-12-15,37 Seconds,2019,https://boxd.it/kWb6
2022-12-15,Run,2020,https://boxd.it/jVM4
2022-12-15,"The Devil, Probably",1977,https://boxd.it/1hJe
2022-12-18,Home Alone,1990,https://boxd.it/29Fg
2022-12-21,Silenced,2011,https://boxd.it/2QGG
2022-12-21,Silence,1971,https://boxd.it/3f7m
2022-12-21,Eternal Sunshine of the Spotless Mind,2004,https://boxd.it/6YK
2022-12-22,G.O.R.A.,2004,https://boxd.it/1sau
2022-12-22,Inkheart,2008,https://boxd.it/26XG
2022-12-23,Sleepy Hollow,1999,https://boxd.it/26u0
2022-12-24,Fight Club,1999,https://boxd.it/2a9q
2022-12-24,Distant,2002,https://boxd.it/1k28
2022-12-24,Once Upon a Time in Anatolia,2011,https://boxd.it/2yHG
2022-12-24,Winter Sleep,2014,https://boxd.it/7Ua0
2022-12-24,The Wild Pear Tree,2018,https://boxd.it/eMtM
2022-12-24,Everything's Gonna Be Great,1998,https://boxd.it/2R36
2023-01-03,Black Adam,2022,https://boxd.it/fup0
2023-01-04,Spud,2010,https://boxd.it/dOi
2023-01-04,Spud 2: The Madness Continues,2013,https://boxd.it/626c
2023-01-04,Spud 3: Learning to Fly,2014,https://boxd.it/ahH6
2023-01-06,Suspect X,2008,https://boxd.it/X8s
2023-01-13,A Man Called Otto,2022,https://boxd.it/zl06
2023-01-17,Fucking Bunnies,2017,https://boxd.it/fxas
2023-01-20,Empire of Light,2022,https://boxd.it/uGpm
2023-01-26,And Now for Something Completely Different,1971,https://boxd.it/1Z74
2023-01-27,Babylon,2022,https://boxd.it/mM02
2023-01-31,Shadows in Paradise,1986,https://boxd.it/73A
2023-01-31,Journey to the Center of the Earth,2008,https://boxd.it/38EI
2023-02-01,The Fabelmans,2022,https://boxd.it/ugoM
2023-02-03,TÁR,2022,https://boxd.it/uNIA
2023-02-22,Mrs. Harris Goes to Paris,2022,https://boxd.it/skWY
2023-02-23,Aftersun,2022,https://boxd.it/Arw0
2023-03-02,The Unknown Soldier,1955,https://boxd.it/1az2
2023-03-10,All Quiet on the Western Front,2022,https://boxd.it/H08
2023-03-14,The Whale,2022,https://boxd.it/tw4c
2023-03-14,Women Talking,2022,https://boxd.it/tdq4
2023-03-14,Everything Everywhere All at Once,2022,https://boxd.it/jUk4
2023-03-15,John Carter,2012,https://boxd.it/FQ2
2023-03-20,Fire of Love,2022,https://boxd.it/yoPY
2023-03-20,National Treasure,2004,https://boxd.it/27x0
2023-03-20,Ghost Rider,2007,https://boxd.it/290M
2023-03-20,National Treasure: Book of Secrets,2007,https://boxd.it/21rq
2023-03-20,The Sorcerer's Apprentice,2010,https://boxd.it/1sGg
2023-03-20,Mr. & Mrs. Smith,2005,https://boxd.it/29CG
2023-03-20,Trevor Noah: The Daywalker,2009,https://boxd.it/RsQ
2023-03-20,Trevor Noah: Crazy Normal,2011,https://boxd.it/2D8Q
2023-03-20,Trevor Noah: Pay Back The Funny,2015,https://boxd.it/cWxA
2023-03-20,Trevor Noah: Lost In Translation,2015,https://boxd.it/cOHM
2023-04-06,The Raid,2011,https://boxd.it/3hBy
2023-04-12,Run Lola Run,1998,https://boxd.it/2b8o
2023-04-12,Back to the Future,1985,https://boxd.it/2b8e
2023-04-12,Barnyard,2006,https://boxd.it/1XyC
2023-04-12,Secondhand Lions,2003,https://boxd.it/1QHC
2023-04-12,Forrest Gump,1994,https://boxd.it/728
2023-04-12,Once Upon a Time... in Hollywood,2019,https://boxd.it/gH0O
2023-04-12,The Hateful Eight,2015,https://boxd.it/8gw8
2023-04-12,Stuart Little,1999,https://boxd.it/1WZW
2023-04-12,HANA-KIMI,2007,https://boxd.it/vC6i
2023-04-12,Time Out,2018,https://boxd.it/isXq
2023-04-14,Jumper,2008,https://boxd.it/20ss
2023-04-23,Suzume,2022,https://boxd.it/yv7Y
2023-04-25,The Man from U.N.C.L.E.,2015,https://boxd.it/67lG
2023-05-03,13 Going on 30,2004,https://boxd.it/1X6e
2023-05-25,Guardians of the Galaxy Vol. 3,2023,https://boxd.it/fVNI
2023-06-04,Sisu,2022,https://boxd.it/vHpu
2023-06-20,Spider-Man: Across the Spider-Verse,2023,https://boxd.it/kSz4
2023-08-03,Dragon Age: Dawn of the Seeker,2012,https://boxd.it/3vSo
2023-09-14,Past Lives,2023,https://boxd.it/oNB8
2023-10-13,Perfect Days,2023,https://boxd.it/ATh8
2023-10-13,Blade Runner,1982,https://boxd.it/2bcA
2023-10-25,Amadeus,1984,https://boxd.it/2aH8
2023-11-11,Killers of the Flower Moon,2023,https://boxd.it/gHp0
2023-11-18,The Hunger Games,2012,https://boxd.it/2uds
2023-11-18,The Hunger Games: Mockingjay – Part 1,2014,https://boxd.it/4hka
2023-12-02,Dead Poets Society,1989,https://boxd.it/2aSg
2023-12-04,Napoleon,2023,https://boxd.it/shJM
2023-12-06,Saltburn,2023,https://boxd.it/z4eg
2023-12-09,Wonka,2023,https://boxd.it/tCQm
2024-01-07,Nineteen Eighty-Four,1984,https://boxd.it/1YZE
2024-01-09,The Boy and the Heron,2023,https://boxd.it/ipeM
2024-01-17,Poor Things,2023,https://boxd.it/tNWU
2024-01-23,A Fish in the Bathtub,1998,https://boxd.it/3xCs
2024-01-24,Oppenheimer,2023,https://boxd.it/wUow
2024-01-24,Barbie,2023,https://boxd.it/bCLK
2024-01-25,The Super Mario Bros. Movie,2023,https://boxd.it/i8C8
2024-01-25,Indiana Jones and the Dial of Destiny,2023,https://boxd.it/b8vM
2024-01-31,Society of the Snow,2023,https://boxd.it/y9aw
2024-02-02,The Wonderful Story of Henry Sugar,2023,https://boxd.it/yNyo
2024-02-02,The After,2023,https://boxd.it/Ikpi
2024-02-03,The Holdovers,2023,https://boxd.it/vHza
2024-02-08,Anatomy of a Fall,2023,https://boxd.it/yuDE
2024-02-09,"Red, White and Blue",2023,https://boxd.it/Jk6C
2024-02-09,Ninety-Five Senses,2022,https://boxd.it/Dm2q
2024-02-16,Invincible,2022,https://boxd.it/F1Mc
2024-02-16,The Zone of Interest,2023,https://boxd.it/gJsA
2024-02-16,Knight of Fortune,2022,https://boxd.it/AGXg
2024-02-16,Clue,1985,https://boxd.it/1MDQ
2024-02-16,Interstellar,2014,https://boxd.it/4VZ8
2024-02-16,Hot Fuzz,2007,https://boxd.it/2416
2024-02-16,The Goonies,1985,https://boxd.it/1YVC
2024-02-19,Letter to a Pig,2022,https://boxd.it/zSpy
2024-02-19,WAR IS OVER! Inspired by the Music of John & Yoko,2023,https://boxd.it/K4NW
2024-02-19,Our Uniform,2023,https://boxd.it/H7PA
2024-02-19,Pachyderm,2022,https://boxd.it/zSr0
2024-02-19,Elemental,2023,https://boxd.it/ASiE
2024-02-21,Grown Ups,2010,https://boxd.it/169a
2024-02-21,American Fiction,2023,https://boxd.it/DYHm
2024-02-23,The Creator,2023,https://boxd.it/oXWq
2024-02-24,Robot Dreams,2023,https://boxd.it/vBZm
2024-03-01,The Teachers' Lounge,2023,https://boxd.it/BINY
2024-03-01,NYAD,2023,https://boxd.it/xOSM
2024-03-03,Dune: Part Two,2024,https://boxd.it/pUfA
2024-03-03,Maestro,2023,https://boxd.it/j0DE
2024-03-07,Nimona,2023,https://boxd.it/Aiyc
2024-03-07,Rustin,2023,https://boxd.it/xVRG
2024-03-07,Mission: Impossible – Dead Reckoning,2023,https://boxd.it/l7zS
2024-03-08,May December,2023,https://boxd.it/vEE2
2024-03-08,Golda,2023,https://boxd.it/xZbE
2024-03-08,The Color Purple,2023,https://boxd.it/ksja
2024-03-09,El Conde,2023,https://boxd.it/Bt4O
2024-03-09,Io Capitano,2023,https://boxd.it/zmrM
2024-03-10,The Eternal Memory,2023,https://boxd.it/D4g0
2024-03-10,To Kill a Tiger,2022,https://boxd.it/Cnoq
2024-03-10,Bobi Wine: The People's President,2022,https://boxd.it/BYm0
2024-03-10,Nǎi Nai & Wài Pó,2023,https://boxd.it/F3My
2024-03-10,Island in Between,2023,https://boxd.it/JDOS
2024-03-10,The Barber of Little Rock,2023,https://boxd.it/IZKG
2024-03-10,The Last Repair Shop,2023,https://boxd.it/IpY8
2024-03-11,Four Daughters,2023,https://boxd.it/ErTw
2024-03-11,The ABCs of Book Banning,2023,https://boxd.it/IZFc
2024-03-11,20 Days in Mariupol,2023,https://boxd.it/E32S
2024-03-22,Monster,2023,https://boxd.it/DJEM
2024-03-26,Drive,2011,https://boxd.it/IG
2024-04-17,Tampopo,1985,https://boxd.it/1SZe
2024-05-09,The Fall Guy,2024,https://boxd.it/s0Bm
2024-05-26,"Goodbye, Dragon Inn",2003,https://boxd.it/oFG
2024-07-28,The Dark Crystal,1982,https://boxd.it/1Tm8
2024-08-05,The Cabinet of Dr. Caligari,1920,https://boxd.it/2aOo
2024-08-09,The Golem: How He Came Into the World,1920,https://boxd.it/262g
2024-08-15,Nosferatu,1922,https://boxd.it/29TM
2024-08-16,Howl's Moving Castle,2004,https://boxd.it/23De
2024-08-21,Hunt for the Wilderpeople,2016,https://boxd.it/cTgG
2024-08-24,The Last Laugh,1924,https://boxd.it/22es
2024-08-29,Backstairs,1921,https://boxd.it/4h1i
2024-08-30,Asphalt,1929,https://boxd.it/rtS
2024-09-03,New Year's Eve,1924,https://boxd.it/5ps4
2024-09-04,Shattered,1921,https://boxd.it/5o20
2024-09-06,Waxworks,1924,https://boxd.it/1rBu
2024-09-10,La La Land,2016,https://boxd.it/a5fa
2024-09-12,The Adventures of Prince Achmed,1926,https://boxd.it/1FeY
2024-09-18,Variety,1925,https://boxd.it/3ixM
2024-09-18,Beetlejuice,1988,https://boxd.it/24QI
2024-09-24,Destiny,1921,https://boxd.it/1nRo
2024-10-05,Joker: Folie à Deux,2024,https://boxd.it/xBoE
2024-10-17,Tartuffe,1925,https://boxd.it/rzQ
2024-10-29,Carrie,1976,https://boxd.it/20ZQ
2024-11-02,The Apprentice,2024,https://boxd.it/IPqG
2024-11-07,Anora,2024,https://boxd.it/Egcw
2024-11-16,Gladiator II,2024,https://boxd.it/kqQQ
2024-11-26,Pandora's Box,1929,https://boxd.it/29jE
2024-11-26,The Mummy,1999,https://boxd.it/2a7a
2024-11-26,The Mummy Returns,2001,https://boxd.it/28cs
2024-12-03,The White Hell of Pitz Palu,1929,https://boxd.it/1ol4
2024-12-22,Love Actually,2003,https://boxd.it/2aeU
2025-01-03,Conclave,2024,https://boxd.it/AO8q
2025-01-04,Berlin: Symphony of a Great City,1927,https://boxd.it/2aQk
2025-01-07,Longlegs,2024,https://boxd.it/KzLM
2025-01-07,Borderlands,2024,https://boxd.it/cDme
2025-01-08,Emilia Pérez,2024,https://boxd.it/AP3G
2025-01-10,Wicked,2024,https://boxd.it/e8ME
2025-01-14,Nosferatu,2024,https://boxd.it/f5eG
2025-01-17,Madame DuBarry,1919,https://boxd.it/J0k
2025-01-20,Nobody Sleeps in the Woods Tonight,2020,https://boxd.it/poY4
2025-01-25,A Complete Unknown,2024,https://boxd.it/oBYa
2025-01-28,Sing Sing,2023,https://boxd.it/HIBA
2025-01-31,A Real Pain,2024,https://boxd.it/CjNG
2025-02-01,The Substance,2024,https://boxd.it/zanS
2025-02-01,Inside Out 2,2024,https://boxd.it/CFrC
2025-02-04,The Brutalist,2024,https://boxd.it/k4BO
2025-02-04,Swiss Army Man,2016,https://boxd.it/bDG2
2025-02-06,Metropolis,1927,https://boxd.it/71a
2025-02-11,Beautiful Men,2023,https://boxd.it/HMpe
2025-02-11,Wander to Wonder,2023,https://boxd.it/HKxU
2025-02-11,In the Shadow of the Cypress,2023,https://boxd.it/HKzc
2025-02-11,Magic Candies,2024,https://boxd.it/LzfI
2025-02-11,Yuck!,2024,https://boxd.it/KjJK
2025-02-15,A Different Man,2024,https://boxd.it/BoEC
2025-02-17,Sugarcane,2024,https://boxd.it/HQ7y
2025-02-18,I'm Still Here,2024,https://boxd.it/BPEO
2025-02-18,September 5,2024,https://boxd.it/JYsI
2025-02-21,Nickel Boys,2024,https://boxd.it/CStQ
2025-02-22,The Seed of the Sacred Fig,2024,https://boxd.it/MKo4
2025-02-23,The Girl with the Needle,2024,https://boxd.it/KQ3M
2025-02-23,Porcelain War,2024,https://boxd.it/K5fQ
2025-02-23,Wallace & Gromit: Vengeance Most Fowl,2024,https://boxd.it/z14C
2025-02-24,Maria,2024,https://boxd.it/Dh4c
2025-02-24,The Wild Robot,2024,https://boxd.it/IWFy
2025-02-24,A Lien,2023,https://boxd.it/Gk7Y
2025-02-24,I'm Not a Robot,2023,https://boxd.it/IGTE
2025-02-25,The Man Who Could Not Remain Silent,2024,https://boxd.it/MLW2
2025-02-25,The Last Ranger,2024,https://boxd.it/OdS0
2025-02-25,Anuja,2024,https://boxd.it/PHoQ
2025-02-26,Incident,2023,https://boxd.it/FVFc
2025-02-27,"I Am Ready, Warden",2024,https://boxd.it/NBS2
2025-02-27,The Only Girl in the Orchestra,2023,https://boxd.it/JzMS
2025-02-27,Death by Numbers,2024,https://boxd.it/Qgjm
2025-02-27,Instruments of a Beating Heart,2024,https://boxd.it/N2so
2025-02-28,Alien: Romulus,2024,https://boxd.it/zGqO
2025-02-28,Kingdom of the Planet of the Apes,2024,https://boxd.it/ohEE
2025-03-01,Memoir of a Snail,2024,https://boxd.it/EgX8
2025-03-02,No Other Land,2024,https://boxd.it/KOTG
2025-03-02,Soundtrack to a Coup d'Etat,2024,https://boxd.it/K5gk
2025-03-03,Black Box Diaries,2024,https://boxd.it/K5dU
2025-03-03,Flow,2024,https://boxd.it/v1Ei
2025-03-03,Better Man,2024,https://boxd.it/u6t8
2025-03-04,We Live in Time,2024,https://boxd.it/FC5u
2025-03-10,Mickey 17,2025,https://boxd.it/q1Dk
2025-04-22,Death of a Unicorn,2025,https://boxd.it/HCPm
2025-04-25,The Hunger Games: The Ballad of Songbirds & Snakes,2023,https://boxd.it/pZCY
2025-05-08,Vampyr,1932,https://boxd.it/29DY
2025-05-15,Diary of a Lost Girl,1929,https://boxd.it/WoO
2025-07-21,Jurassic World,2015,https://boxd.it/4n0g
2025-07-21,Jurassic World: Fallen Kingdom,2018,https://boxd.it/bOnU
2025-07-21,Jurassic World Dominion,2022,https://boxd.it/ikXW
2025-07-21,Mamma Mia!,2008,https://boxd.it/1Tnq
2025-07-21,Eragon,2006,https://boxd.it/26Fs
2025-07-22,My Neighbor Totoro,1988,https://boxd.it/20eA
2025-07-22,The Florida Project,2017,https://boxd.it/dMG0
2025-07-29,Avatar: The Way of Water,2022,https://boxd.it/2E2E
2025-08-09,The Perks of Being a Wallflower,2012,https://boxd.it/2ZA8
2025-08-19,2001: A Space Odyssey,1968,https://boxd.it/2bf0
2025-09-18,The Blues Brothers,1980,https://boxd.it/2adi
